gene,gene_name,zscore,effect_size,pvalue,var_g,pred_perf_r2,pred_perf_pval,pred_perf_qval,n_snps_used,n_snps_in_cov,n_snps_in_model
ENSG00000204161.13,C10orf128,2.1194140178712826,NA,0.03405549317041714,0.04779946545441385,0.3334371132676324,5.571387759297386e-18,NA,48,85,85
ENSG00000107796.13,ACTA2,-2.1109797596027535,NA,0.034774051627128474,0.0061822467524307295,0.061484967740663324,0.0010395145569514377,NA,34,38,38
ENSG00000136754.16,ABI1,2.0298171545148715,NA,0.04237512857682954,0.0021232589514016136,0.039314464697694465,0.008019333712473991,NA,21,21,21
ENSG00000185736.15,ADARB2,1.8408211531427383,NA,0.06564777189200709,0.21108420704069755,0.4654503868021079,1.3730115338027893e-27,NA,14,26,26
ENSG00000197321.14,SVIL,-1.8337980353571064,NA,0.06668397948770842,0.001093026884163011,0.023699710961199525,0.04745726737751512,NA,15,49,49
ENSG00000183605.16,SFXN4,1.7861985883788276,NA,0.07406710958019344,0.014647218256924523,0.5718621200689913,4.914527916867419e-38,NA,5,8,8
ENSG00000155287.10,SLC25A28,-1.710716983153014,NA,0.08713337102051419,0.0008798595074580029,0.027404553442393783,0.029604970608307173,NA,3,3,3
ENSG00000187122.16,SLIT1,1.6844220824868146,NA,0.0921001261029173,0.05360003802123879,0.2057959828277013,3.6924228540093626e-10,NA,27,32,32
ENSG00000107614.21,TRDMT1,1.6100768838673296,NA,0.10738107285395083,0.021945280417837845,0.13478196839726989,2.4646042086564e-07,NA,29,41,41
ENSG00000107554.16,DNMBP,-1.5932577494675308,NA,0.1111023807494311,0.11667592273095868,0.36557455186056187,1.8248835750580717e-19,NA,18,20,20
ENSG00000257582.5,LINC01475,1.575228291516678,NA,0.11520375907952893,0.1207546193064448,0.4332533356743483,1.4243809282295459e-24,NA,21,24,24
ENSG00000014919.12,COX15,-1.569823462345874,NA,0.11645618758146095,0.008849137900494177,0.08586368176227151,0.00010435191023320564,NA,10,11,11
ENSG00000120008.15,WDR11,1.5002934610360943,NA,0.1335384025316816,0.03777443522020309,0.30079784311629226,9.451183501105318e-16,NA,57,69,69
ENSG00000241935.8,HOGA1,-1.4954729098074748,NA,0.13479106482016834,0.0354404520644952,0.1877141059161548,2.4781310596300325e-09,NA,5,6,6
ENSG00000108001.13,EBF3,1.488115389075475,NA,0.13672046571622076,0.09969912358615432,0.2957090778742009,1.3877475552650245e-15,NA,31,33,33
ENSG00000273476.1,RP11-108L7.14,-1.4829218440529053,NA,0.1380951770035133,0.004790997771737194,0.05799565740611691,0.0016743192075083565,NA,2,2,2
ENSG00000274209.4,ANTXRL,1.4548192705457645,NA,0.145719301804865,0.09600216552879291,0.23930189016558254,2.428955105944877e-12,NA,11,29,29
ENSG00000165757.8,KIAA1462,1.4378488880842608,NA,0.15047693459412032,0.025492539996950947,0.10259536242751788,1.7566161456010817e-05,NA,56,74,74
ENSG00000232229.5,LINC00865,-1.431075909137961,NA,0.15240846084550896,0.08131851394469305,0.35492372886062185,1.940423350562249e-18,NA,21,21,21
ENSG00000170525.19,PFKFB3,1.4042459478266458,NA,0.16024562379624097,0.011714449632092512,0.07093975093942388,0.00035564308850137344,NA,43,56,56
ENSG00000172538.6,FAM170B,1.3908719623005104,NA,0.1642642563172092,0.0032263658940525825,0.14428116498948754,9.287985283006084e-08,NA,17,28,28
ENSG00000173267.13,SNCG,-1.386898359275827,NA,0.16547275823686114,0.004760213769674114,0.050266168008869766,0.003515766657071197,NA,7,21,21
ENSG00000224914.3,LINC00863,-1.384922504923636,NA,0.16607616473834408,0.0065049963334512725,0.024985311700431254,0.04199493679448037,NA,10,14,14
ENSG00000123243.14,ITIH5,-1.363648322390728,NA,0.1726782758006381,0.021491368712897595,0.1397892631296426,4.630470049525e-07,NA,21,26,26
ENSG00000151650.7,VENTX,-1.3473600856565888,NA,0.17786428911773844,0.0013896880200515538,0.07268523099145847,0.00037893693180064236,NA,6,10,10
ENSG00000272983.1,RP11-508N22.12,-1.341265248876944,NA,0.17983434834361678,0.026605867714786735,0.03887311399601393,0.008405021261426506,NA,16,26,26
ENSG00000148498.15,PARD3,1.3248048518604443,NA,0.18523588517271672,0.003552067554593331,0.030828133666898083,0.021827139591491417,NA,14,22,22
ENSG00000119969.14,HELLS,1.3056891903872758,NA,0.19165827546307435,0.005532143045214617,0.06773695705853354,0.00045406912374756496,NA,23,25,25
ENSG00000188385.11,JAKMIP3,1.3038631410140353,NA,0.19228024954532452,0.011844475204110957,0.11201582668108732,4.937490163496331e-06,NA,22,40,40
ENSG00000237489.3,LINC00959,1.2830856790830156,NA,0.1994620604572508,0.01397787045308614,0.09007030118662121,6.721094527900725e-05,NA,11,15,15
ENSG00000213390.10,ARHGAP19,-1.2535886132083178,NA,0.20999157213255504,0.025015164620318355,0.17655263227882198,6.957944001918461e-09,NA,17,18,18
ENSG00000165868.13,HSPA12A,-1.2458779211062878,NA,0.21280921696440358,0.12124719662446887,0.4090212375032837,1.250638151660376e-22,NA,47,58,58
ENSG00000107779.13,BMPR1A,1.2432779835492642,NA,0.21376541435710317,0.004287791674131965,0.02610831772327828,0.031873088124601136,NA,6,7,7
ENSG00000151929.9,BAG3,1.215945898290961,NA,0.22400553207048368,0.0016129905854738156,0.04664376588560303,0.004790186584885879,NA,3,3,3
ENSG00000148835.10,TAF5,1.173949956893921,NA,0.2404150707268352,2.3220657923183176e-05,0.023073273599307637,0.04756238528482095,NA,1,2,2
ENSG00000184923.12,NUTM2A,1.1567493354354554,NA,0.2473747867797269,0.051899626605490544,0.307006451643219,1.4479662116620016e-15,NA,29,42,42
ENSG00000196968.10,FUT11,-1.1200024027102053,NA,0.2627127382000122,0.01651412683296829,0.12896686748614508,5.503634293348014e-07,NA,24,29,29
ENSG00000099284.13,H2AFY2,1.1133615737340454,NA,0.26555317138729506,0.005942111751911721,0.07368958226187702,0.00031854185672897946,NA,13,14,14
ENSG00000261456.5,TUBB8,1.1121196096381836,NA,0.2660867264118444,0.0213478601294463,0.06363829779111346,0.0007927072618040649,NA,12,12,12
ENSG00000165863.16,C10orf82,-1.1113343769768658,NA,0.2664244474613128,0.09008023087081068,0.2749257090949705,3.467030099689321e-14,NA,29,31,31
ENSG00000152465.17,NMT2,1.1035981466137772,NA,0.2697674955338494,0.01850297299080828,0.02442814976078741,0.04420874803763431,NA,16,27,27
ENSG00000107890.16,ANKRD26,-1.1026639649344048,NA,0.27017312111856606,0.003100532548213818,0.05580587947338255,0.0014327020692498748,NA,9,10,10
ENSG00000172731.13,LRRC20,1.0615460381558104,NA,0.2884418221588203,0.012581827608268346,0.02553441473825217,0.036281167034170746,NA,27,30,30
ENSG00000148482.11,SLC39A12,1.0534617238624797,NA,0.2921294279765736,0.051021335457254645,0.08420065716790248,0.00011154682369621306,NA,39,47,47
ENSG00000204149.10,AGAP6,-1.03528670287142,NA,0.3005350378534438,0.051708267301936166,0.3726973882898773,4.0618783424933364e-20,NA,58,67,67
ENSG00000108010.11,GLRX3,1.026716044694838,NA,0.30455419193662214,0.0004613086594028371,0.03872481095655245,0.009033134956377227,NA,18,20,20
ENSG00000076685.18,NT5C2,1.0183491226015955,NA,0.3085120715236884,0.006400950368814373,0.07200861131625291,0.0003598281532425783,NA,30,32,32
ENSG00000148735.14,PLEKHS1,-1.0173187913254043,NA,0.30900180010593536,0.01153159390871688,0.09559288917900452,4.441753943464517e-05,NA,11,16,16
ENSG00000226808.1,LINC00840,0.9902254029377382,NA,0.32206395870803006,0.005869027103481447,0.0244766022787924,0.04240982364922738,NA,5,6,6
ENSG00000151655.18,ITIH2,0.978663523058263,NA,0.32774626106074845,0.04523865649925438,0.05153560899428182,0.003218014741483998,NA,45,74,74
ENSG00000244733.5,RP11-506M13.3,-0.9725908500728636,NA,0.33075669200077673,0.12295766627891686,0.3436381234703821,8.544968330314734e-18,NA,19,21,21
ENSG00000138303.17,ASCC1,-0.9716365462596495,NA,0.331231394460616,0.010233734374554248,0.07923239957816254,0.00016758400795116617,NA,16,16,16
ENSG00000225830.12,ERCC6,-0.9690169186891702,NA,0.33253674785676013,0.037421833871064854,0.14929757737140328,1.270764151310817e-07,NA,86,116,116
ENSG00000214562.14,NUTM2D,-0.9672265241801565,NA,0.33343080534342795,0.014931106403616586,0.1145149502418069,6.430110719162512e-06,NA,20,32,32
ENSG00000197748.12,CFAP43,0.9614139729333087,NA,0.3363440613705636,0.0021168115414189267,0.04356229609137744,0.006482269844658211,NA,2,4,4
ENSG00000230555.2,RP11-517P14.2,-0.9567614688246602,NA,0.33868766448953813,0.011898762757313568,0.06228090318832586,0.0009684421828759312,NA,26,35,35
ENSG00000072422.16,RHOBTB1,-0.9379700685113046,NA,0.34825979231823867,0.005406696116367144,0.0526736130905964,0.000683245444801664,NA,5,5,5
ENSG00000203867.7,RBM20,-0.9266193807713374,NA,0.35412418867688467,0.030369077546237966,0.03197640109423073,0.02102801846272689,NA,55,73,73
ENSG00000165731.18,RET,-0.9237689459209473,NA,0.3556066266926188,0.04377919410784538,0.15872212557975188,3.28297693188562e-08,NA,16,22,22
ENSG00000075826.16,SEC31B,0.9199796322657923,NA,0.357583402948337,0.04877117398044716,0.2963058777434259,1.1911361545964623e-15,NA,53,55,55
ENSG00000280560.1,LINC01374,-0.9198037567061917,NA,0.35767531985491907,0.01358670920005796,0.02751269398154969,0.031850210210991506,NA,22,24,24
ENSG00000241058.3,NSUN6,-0.919255744500135,NA,0.35796181990897347,0.10443112590767141,0.38702878447124855,3.612696468040778e-21,NA,51,59,59
ENSG00000107854.5,TNKS2,0.9156093166488236,NA,0.35987184304115694,0.009186234699319437,0.2519492866003311,5.454490139116675e-13,NA,43,46,46
ENSG00000120549.17,KIAA1217,0.9122940524184708,NA,0.36161394439476324,0.017083106988539938,0.16548278722039,2.3941848210832693e-08,NA,8,13,13
ENSG00000204152.10,TIMM23B,-0.9113848719373197,NA,0.3620926216888134,0.008135432106518639,0.15633751570852558,4.0734949249458304e-08,NA,11,13,13
ENSG00000156398.12,SFXN2,-0.9015603904132774,NA,0.36729044009347067,0.013466241959478287,0.09237856764942316,4.443398446863864e-05,NA,16,16,16
ENSG00000107643.15,MAPK8,-0.8989929199891361,NA,0.36865643182870367,0.011589549673918856,0.1982599050645044,1.0435988930135336e-10,NA,39,41,41
ENSG00000188199.10,NUTM2B,-0.876813584311371,NA,0.38058789943878546,0.13224991549289344,0.3537056932488241,2.475138675365096e-19,NA,16,21,21
ENSG00000148484.17,RSU1,0.8625796888527795,NA,0.3883686016699579,0.006900580712726521,0.05268107703869605,0.0027810271478203113,NA,29,36,36
ENSG00000107902.13,LHPP,-0.85789848268828,NA,0.3909485221371898,0.03469406685283861,0.08680905873206166,9.318918164154018e-05,NA,37,46,46
ENSG00000122378.13,FAM213A,-0.8578463980198998,NA,0.3909772856226825,0.0304153898263019,0.07451466069942761,0.0002397533155905376,NA,64,75,75
ENSG00000120539.14,MASTL,-0.8541820902506736,NA,0.39300410498191474,0.16959465359572493,0.5876890792751233,3.2200702665660155e-38,NA,50,62,62
ENSG00000107551.20,RASSF4,0.8420859102562583,NA,0.3997398673259748,0.04383415890276232,0.2720242761657461,4.82430503309181e-14,NA,30,32,32
ENSG00000122882.10,ECD,-0.8381996166647402,NA,0.40191860231896326,0.004048492027452765,0.0543322283857517,0.002382330057954561,NA,11,27,27
ENSG00000165985.9,C1QL3,0.8175637870763235,NA,0.4136063124581357,0.12164207463638725,0.5363714087123567,3.6334231333499236e-33,NA,23,25,25
ENSG00000175470.18,PPP2R2D,0.8058242807289417,NA,0.4203441757169003,0.018785743374330185,0.1644577850038647,2.0592273272626158e-08,NA,6,6,6
ENSG00000197746.13,PSAP,0.8049329334004361,NA,0.4208583824842249,0.005166100735311177,0.09745000329882278,3.909408325896427e-05,NA,30,39,39
ENSG00000095485.16,CWF19L1,-0.7991153939509164,NA,0.4242235042959531,0.015617614576434695,0.14210578278239136,1.7643725596718622e-07,NA,31,40,40
ENSG00000197177.15,ADGRA1,-0.7946475349889927,NA,0.4268185590702439,0.015268790730977958,0.2044280506690765,1.8102805066061303e-10,NA,24,44,44
ENSG00000175395.15,ZNF25,0.7785859704017639,NA,0.43622364610513664,9.035153877303214e-06,0.17752793081442392,4.322559310980653e-09,NA,1,27,27
ENSG00000122376.11,FAM35A,-0.7780621622605786,NA,0.43653236771789483,0.02221643643507058,0.18134613756275172,1.4855852175777648e-09,NA,24,27,27
ENSG00000107959.15,PITRM1,0.7749991714690104,NA,0.43834014916813957,0.10358854376932228,0.24644508851437705,1.7322574562336449e-12,NA,84,108,108
ENSG00000273038.2,RP11-479G22.8,-0.770324309467097,NA,0.44110753973282446,0.08005158991085186,0.37392583948449293,1.5083522703506292e-20,NA,50,59,59
ENSG00000148719.14,DNAJB12,0.7671635120912699,NA,0.4429843040887479,0.009323845431528106,0.10492081698497678,1.525891637048524e-05,NA,24,25,25
ENSG00000148832.15,PAOX,0.7485933230545193,NA,0.45410235770230445,0.0019080227329449295,0.031407191597146764,0.02028287988501238,NA,2,9,9
ENSG00000254271.1,RP11-131N11.4,0.7437438478182768,NA,0.4570314568993321,0.03788524638502378,0.038281322829580335,0.01017722562714738,NA,44,47,47
ENSG00000165568.17,AKR1E2,-0.7401794959708516,NA,0.45919108725515956,0.015925874697149598,0.05283583173681829,0.0023511822845956602,NA,9,13,13
ENSG00000196793.13,ZNF239,0.7380602756532947,NA,0.4604778218739608,0.04425966962975014,0.1645381747672019,1.977588069065104e-08,NA,39,60,60
ENSG00000185745.9,IFIT1,0.737571428807174,NA,0.4607749227613256,0.026256194166343,0.13633352341935676,6.094960514894849e-07,NA,20,22,22
ENSG00000148672.8,GLUD1,0.7323058531007359,NA,0.46398190761776614,0.008520815343978243,0.11608035006256705,4.870207857254621e-06,NA,13,15,15
ENSG00000108239.8,TBC1D12,0.7266647477863212,NA,0.46743135365517063,0.0003131932345880323,0.04940663390532336,0.003435119233072783,NA,13,21,21
ENSG00000156510.12,HKDC1,-0.7200309076224526,NA,0.47150596586918436,0.08024443136271926,0.33688801330027,1.6777988657373084e-17,NA,18,21,21
ENSG00000122359.17,ANXA11,-0.7179441258616166,NA,0.47279173886026116,0.0036593689318319108,0.08293120246167443,0.00013037027781472317,NA,33,39,39
ENSG00000107593.16,PKD2L1,0.7028470797940416,NA,0.4821510537010011,0.021519764253054,0.15189339882647346,1.9815700934676208e-08,NA,18,19,19
ENSG00000107438.8,PDLIM1,-0.669113445967127,NA,0.503423113389541,0.007716785960678614,0.022616855523826657,0.04662312208172216,NA,23,29,29
ENSG00000138346.14,DNA2,-0.644220834856639,NA,0.5194322422351582,0.018846129482853528,0.23038157458928674,5.650769124388665e-12,NA,23,24,24
ENSG00000171772.15,SYCE1,0.6357120945765934,NA,0.5249640918656415,0.018493728376203684,0.03306836067086254,0.017732351758915924,NA,16,35,35
ENSG00000272447.1,RP11-182L21.6,-0.6351429043766427,NA,0.5253352169775398,0.03197174319529857,0.11726191523897478,4.184552460140335e-06,NA,10,17,17
ENSG00000043591.5,ADRB1,0.6328146682842157,NA,0.5268546768133407,0.011234653159040547,0.048423178204233405,0.0037234717929895576,NA,15,18,18
ENSG00000154478.3,GPR26,0.6282895933914574,NA,0.529814247638861,0.007925163571463417,0.07042088347302125,0.0004498171912482604,NA,19,22,22
ENSG00000259869.1,AL022344.7,-0.6274483174323536,NA,0.530365404060212,0.00975840147958953,0.03133817760343992,0.02039706795648313,NA,3,9,9
ENSG00000173145.11,NOC3L,-0.6272054604395347,NA,0.5305245643643193,0.0006054244331489436,0.22158115444365065,5.678025189637773e-12,NA,17,28,28
ENSG00000204147.9,ASAH2B,0.6224608043198844,NA,0.5336389092208806,0.022753916861607843,0.08691299399830417,8.368270351683565e-05,NA,25,34,34
ENSG00000148655.14,C10orf11,0.6176949606753027,NA,0.5367764344525259,0.00964336851952315,0.03208648975984529,0.017742081349770518,NA,26,26,26
ENSG00000089876.11,DHX32,0.6172224556265988,NA,0.5370880061391663,0.011350419167028279,0.1542973396954518,6.214045184670043e-08,NA,17,19,19
ENSG00000119965.12,C10orf88,0.6157263160859193,NA,0.5380751656965954,0.02658266514917756,0.1414691440556982,1.8698609870976264e-07,NA,36,45,45
ENSG00000183621.15,ZNF438,-0.6135109590150305,NA,0.5395385387500229,0.007763222780950046,0.07127808528605245,0.0003660155832936996,NA,27,41,41
ENSG00000151640.12,DPYSL4,-0.6044843400555485,NA,0.5455216775736095,0.11668930214302219,0.4949559139265768,1.730316114875404e-30,NA,39,44,44
ENSG00000065665.20,SEC61A2,0.6026770741294049,NA,0.5467235358120381,0.07113825707349765,0.0743577939907809,0.00022904881493213984,NA,68,87,87
ENSG00000148483.8,TMEM236,0.602081696673482,NA,0.5471197574553778,0.050444762444900336,0.050008645372298106,0.003041568148218576,NA,63,75,75
ENSG00000079332.14,SAR1A,0.5993831706108584,NA,0.5489173970108319,0.03501465501816173,0.19074747137494436,1.4351921091494525e-09,NA,70,86,86
ENSG00000166167.17,BTRC,0.576773523401149,NA,0.5640924575386164,0.012725909446802599,0.21869737759599986,4.337566405430897e-11,NA,15,17,17
ENSG00000151893.14,CACUL1,-0.5689403582513403,NA,0.569396615608367,0.009623953261723122,0.1916488888232866,2.0561641209583043e-09,NA,11,12,12
ENSG00000172661.17,WASHC2C,-0.5591013889824292,NA,0.576092526868965,0.02507812311155592,0.2073570663738824,1.636014578063746e-10,NA,37,48,48
ENSG00000078114.18,NEBL,-0.5496027580001435,NA,0.582591866741631,0.02802121080974772,0.1007974970861072,2.5745555771031798e-05,NA,30,42,42
ENSG00000203791.14,METTL10,-0.5461386673797195,NA,0.5849706218556809,0.03695724172564934,0.2448718240077471,3.7379366058330105e-12,NA,28,34,34
ENSG00000099204.18,ABLIM1,0.5385722607194243,NA,0.5901820321657942,0.003995848374030842,0.0867409770111186,0.00010117566276504668,NA,11,17,17
ENSG00000198964.13,SGMS1,0.5343555884886343,NA,0.5930955394116111,0.02468999728446053,0.16909106150707134,8.735941999847563e-09,NA,12,13,13
ENSG00000121898.12,CPXM2,0.533308398592468,NA,0.5938201148507546,0.03510520598110763,0.1694897201872538,7.64451825308839e-09,NA,81,128,128
ENSG00000107537.13,PHYH,-0.5285618128755154,NA,0.597109456680899,0.021911544255262885,0.14137373607557432,3.60810699316021e-07,NA,24,27,27
ENSG00000099250.17,NRP1,-0.5150291448528698,NA,0.6065326540017956,0.003720348533022303,0.05178424557618757,0.002536642667505713,NA,32,36,36
ENSG00000180628.14,PCGF5,-0.5121134255088278,NA,0.6085716289734285,0.0019081578369722861,0.05244498673313449,0.002966848632293352,NA,13,16,16
ENSG00000138193.15,PLCE1,-0.511397118388609,NA,0.6090730122923853,0.04160213608806692,0.0930159797781338,4.632307370482078e-05,NA,89,103,103
ENSG00000138115.13,CYP2C8,-0.5069000360877894,NA,0.612224960357903,0.009314909973048215,0.02327211311255533,0.04455255511718266,NA,14,18,18
ENSG00000204033.9,LRIT2,-0.5017114970566608,NA,0.6158704759906468,0.05933911606070105,0.16590005407777442,1.3029344717932266e-08,NA,54,74,74
ENSG00000166507.17,NDST2,0.4889970053294284,NA,0.6248438169962724,0.029082637535794348,0.21653303084777326,6.672722777666329e-11,NA,36,49,49
ENSG00000165449.11,SLC16A9,0.47974471058687757,NA,0.6314089315341085,0.006547769296086037,0.08615562060824491,0.00010321357819647735,NA,17,41,41
ENSG00000180066.9,C10orf91,0.47383879795832273,NA,0.6356148652825637,0.024192573010651395,0.025104651895079447,0.037138785297533984,NA,19,30,30
ENSG00000148814.17,LRRC27,-0.46784457457910283,NA,0.6398957417498867,0.04027690759198207,0.2450720671071017,1.2425133287196961e-12,NA,5,14,14
ENSG00000151208.16,DLG5,-0.46235175698943043,NA,0.6438290892962861,0.06567488411205365,0.4813103056037592,2.832997740440437e-28,NA,54,57,57
ENSG00000138134.11,STAMBPL1,-0.4583985219167816,NA,0.6466661533942107,0.005961761904848703,0.10172699634757497,2.4740086748551197e-05,NA,9,17,17
ENSG00000119977.20,TCTN3,0.4530968466107164,NA,0.6504790059438456,0.022751381607689643,0.2272064987181795,2.3063006550704933e-11,NA,40,58,58
ENSG00000228778.2,RP11-129J12.1,0.4490482027202168,NA,0.6533968846310391,0.0681156739228967,0.2268023697183464,1.4599189591810182e-11,NA,24,27,27
ENSG00000204130.12,RUFY2,0.4440296317422273,NA,0.6570211605879279,0.0076910147631780576,0.06101509265944512,0.0009598193370452092,NA,38,51,51
ENSG00000152778.8,IFIT5,0.436876579057624,NA,0.6622008581790777,0.12080319423596983,0.4292735855253815,8.002343164669661e-24,NA,31,32,32
ENSG00000214413.7,BBIP1,-0.4365379914911975,NA,0.6624464411274651,0.005825500408387968,0.02137004877391997,0.04811637561607895,NA,27,37,37
ENSG00000224714.2,RP11-179K3.2,-0.4352623763380467,NA,0.6633719909110375,0.0220606770768326,0.11112003402903783,6.612952349706244e-06,NA,26,31,31
ENSG00000012779.10,ALOX5,0.43025844920167017,NA,0.6670076486599972,0.0023853851532813727,0.06507434828093549,0.0007872784574136551,NA,18,28,28
ENSG00000107611.14,CUBN,-0.4283740887610145,NA,0.6683787862758724,0.012086370552382894,0.07637472572724624,0.00019973275731622025,NA,5,5,5
ENSG00000171160.17,MORN4,0.4236499746874468,NA,0.6718211033281487,0.02072222946620698,0.2299574766172433,8.677392096614438e-12,NA,14,19,19
ENSG00000204020.5,LIPN,0.4223446978553236,NA,0.6727734371675653,0.011934497942141175,0.2820160619294727,1.2334222462872812e-14,NA,42,57,57
ENSG00000065621.14,GSTO2,0.4188652206368011,NA,0.6753146361861687,0.014302098827197176,0.0666639495562003,0.0005940379934516397,NA,25,29,29
ENSG00000173239.13,LIPM,-0.4091315867804097,NA,0.6824430969749082,0.10086780665422726,0.2283964882166253,2.463561501749409e-11,NA,91,129,129
ENSG00000148600.14,CDHR1,-0.40888805447708043,NA,0.682621815793494,0.09733085972958093,0.3953071500208093,8.5102494073356e-22,NA,90,123,123
ENSG00000169826.7,CSGALNACT2,-0.40832571530739276,NA,0.6830345624638648,0.025867536474985024,0.28076696380620697,2.0702109773146406e-14,NA,31,35,35
ENSG00000165983.14,PTER,-0.4021740310029021,NA,0.6875559526715854,0.022926291549116812,0.1266448606093117,6.748153262007685e-07,NA,36,47,47
ENSG00000107679.14,PLEKHA1,0.39662235567976084,NA,0.6916459644579837,0.01686014724995502,0.18778890956559044,1.914955709501612e-09,NA,62,65,65
ENSG00000280953.2,LINC01163,-0.39156060335634085,NA,0.6953829019770124,0.02172364701323749,0.06932931059112926,0.00042203384835794486,NA,42,72,72
ENSG00000271046.1,RP11-138I18.2,-0.3753821460580186,NA,0.7073762811079753,0.047872627511069216,0.22708919132692704,6.501000460335555e-12,NA,6,7,7
ENSG00000198682.12,PAPSS2,-0.3752433677781809,NA,0.7074794798191573,0.011689106381548436,0.11845942304997617,2.9185351285332784e-06,NA,9,9,9
ENSG00000150867.13,PIP4K2A,-0.373017527679147,NA,0.7091353987348568,0.005234024323843346,0.10092489656180076,1.7416135817787054e-05,NA,8,8,8
ENSG00000265763.3,ZNF488,0.3712280094623565,NA,0.7104677127426864,4.660029117418426e-08,0.07542627417135334,0.0002997872107739331,NA,1,11,11
ENSG00000065809.13,FAM107B,0.3659476654156203,NA,0.7144041277104887,0.007910547529241582,0.06677482418702875,0.0006176028595637288,NA,29,31,31
ENSG00000166321.13,NUDT13,-0.3607291197932498,NA,0.7183019539191167,0.11064913217703679,0.3707547365578884,1.0661837524475864e-20,NA,93,104,104
ENSG00000197444.9,OGDHL,-0.35523706813823136,NA,0.7224119969457427,0.035035965120295914,0.17017609205474593,1.0334200674212957e-08,NA,7,9,9
ENSG00000171811.13,CFAP46,0.35462698029237166,NA,0.7228690608517914,0.0155306551683027,0.02396858324120749,0.0411274874303997,NA,13,25,25
ENSG00000096717.11,SIRT1,-0.33703650521345985,NA,0.7360893812019953,0.003618122233734102,0.03516036076413565,0.015744313112637298,NA,9,16,16
ENSG00000272630.1,RP11-344N10.5,0.3319822738396233,NA,0.7399026440930525,0.019071676697811516,0.06706508109118632,0.0006846296342072866,NA,35,39,39
ENSG00000166135.13,HIF1AN,0.32738141473343013,NA,0.7433794215625948,0.006039093172835683,0.02400361702233846,0.03976593526444865,NA,21,24,24
ENSG00000067057.16,PFKP,-0.32504482784030964,NA,0.7451471444529959,0.016600172429043287,0.12684132760531222,1.4465631783434955e-06,NA,25,28,28
ENSG00000134470.20,IL15RA,-0.3222162191403236,NA,0.7472888981035855,0.0030709208220140913,0.20326505223921446,4.842701086606582e-10,NA,21,30,30
ENSG00000182010.10,RTKN2,-0.315674700802552,NA,0.7522494313424732,0.01696909943621928,0.03462845082569972,0.01361323287526908,NA,56,70,70
ENSG00000107798.17,LIPA,-0.3131653316792744,NA,0.754155055913894,0.014806189059949765,0.3423284826305243,4.525251538271292e-18,NA,19,23,23
ENSG00000148700.14,ADD3,0.3126517781749315,NA,0.7545452354471649,0.012693569418564594,0.2560849412253576,4.980347124447057e-13,NA,20,21,21
ENSG00000227345.8,PARG,0.3119472558513804,NA,0.7550806081538981,0.010523566560372632,0.06587387322335019,0.000683882542315438,NA,51,61,61
ENSG00000165633.12,VSTM4,-0.30630551860060656,NA,0.7593720377967181,0.0428940469023604,0.32600257413022177,7.98749782185897e-17,NA,16,21,21
ENSG00000272912.1,RP11-724N1.1,-0.29952876556595437,NA,0.7645366271602383,0.01497984632285087,0.027522215470672767,0.03226325124980806,NA,15,24,24
ENSG00000180817.11,PPA1,0.29888628587448185,NA,0.7650268113743587,0.012694465559267553,0.20206967643767448,4.5615904200330563e-10,NA,15,15,15
ENSG00000138185.18,ENTPD1,0.29829360945197425,NA,0.7654790813278518,0.07497499879084497,0.33779991911002577,1.8474804446867607e-18,NA,117,155,155
ENSG00000196693.14,ZNF33B,-0.2927436147835398,NA,0.7697181297616527,0.007864798413761451,0.09864086778080106,3.356199088954624e-05,NA,18,28,28
ENSG00000188611.14,ASAH2,0.2861783445771528,NA,0.7747415289717712,0.1066961850822062,0.2131095720097948,1.3147432970209917e-10,NA,52,64,64
ENSG00000224034.1,RP11-445P17.8,-0.2831804057858755,NA,0.7770385477823009,0.06097513389341561,0.06885111847686556,0.0005085644085449587,NA,18,22,22
ENSG00000138111.14,MFSD13A,0.28084580875218546,NA,0.7788286666812363,0.07370693712382133,0.3870382657570208,1.6687943092463647e-20,NA,33,41,41
ENSG00000165406.15,MARCH8,-0.2697999265750316,NA,0.7873141793125835,0.014295214934569266,0.05285987498799548,0.0023204547880339857,NA,45,52,52
ENSG00000171988.18,JMJD1C,0.2687767597644934,NA,0.7881014784809103,0.0032870528965321393,0.0906385887810132,2.854498628036437e-05,NA,18,37,37
ENSG00000151632.17,AKR1C2,0.26422363323575215,NA,0.7916076012884432,0.15917993892226964,0.3883163383029941,2.391990480868429e-21,NA,15,18,18
ENSG00000107937.18,GTPBP4,-0.26150288377724384,NA,0.7937047259389722,0.002897159019108083,0.04463244091477351,0.004966112768429871,NA,17,19,19
ENSG00000183346.6,C10orf107,0.2556953563975837,NA,0.7981860810631233,0.1113917232270958,0.3144102985492809,1.5684213880762598e-16,NA,21,22,22
ENSG00000165730.14,STOX1,-0.23726001925895235,NA,0.8124550766262137,0.20594752139289554,0.449408702979524,1.239207706574702e-25,NA,26,32,32
ENSG00000165650.11,PDZD8,-0.2371023571729597,NA,0.8125773837433226,0.017035529902676934,0.1791636000910083,2.656597388275541e-09,NA,22,33,33
ENSG00000128815.19,WDFY4,-0.23483980199382715,NA,0.814333073942686,0.007245144711589007,0.12865972294557604,6.759447636281122e-07,NA,68,81,81
ENSG00000170759.10,KIF5B,0.23232470681836262,NA,0.8162858240868627,0.013658683679542273,0.0939653302416991,4.826042094672786e-05,NA,71,82,82
ENSG00000165637.13,VDAC2,0.23071823309774386,NA,0.8175337076805944,0.00048668523410109066,0.0615797637117305,0.0011830435763032626,NA,6,9,9
ENSG00000108091.10,CCDC6,0.2290361946730167,NA,0.818840784456396,0.00842665829238538,0.04600902324086376,0.00424071306118006,NA,37,37,37
ENSG00000176769.9,TCERG1L,0.22796314628928577,NA,0.8196748912014223,0.016614524302468354,0.08670431908479266,7.263617174914946e-05,NA,7,17,17
ENSG00000148450.12,MSRB2,0.22517030924431558,NA,0.821846786159699,0.0021650635965410406,0.12189843913858975,2.59197344884004e-06,NA,32,36,36
ENSG00000134460.15,IL2RA,0.2204814453906763,NA,0.8254962212848972,0.04049232238054264,0.20178687873478326,5.232173779176735e-10,NA,79,112,112
ENSG00000122912.14,SLC25A16,0.22039071027002566,NA,0.8255668796931448,0.02928071425626979,0.13683769600950973,5.975447649587116e-07,NA,22,30,30
ENSG00000130649.9,CYP2E1,0.22035329357636818,NA,0.8255960177086684,0.008277246566965752,0.05338278367735631,0.0024880022339767967,NA,14,15,15
ENSG00000197467.13,COL13A1,-0.2155866736390929,NA,0.8293099444359331,0.01585354964173474,0.06314425356921598,0.0006686820357262253,NA,27,36,36
ENSG00000148690.11,FRA10AC1,-0.21555702746868277,NA,0.8293330553734994,0.014603114509848787,0.1532051757912161,9.459024833257523e-08,NA,27,32,32
ENSG00000172671.19,ZFAND4,-0.21509165565108151,NA,0.8296958594834266,0.005685699892690067,0.023567478940912108,0.04676110400850013,NA,9,10,10
ENSG00000165752.16,STK32C,0.21116080501952403,NA,0.8327617941950445,0.008081411487048414,0.04213296009055493,0.007386536643412394,NA,28,50,50
ENSG00000243660.9,ZNF487,0.2022910447059661,NA,0.8396892005460616,0.005375222955676367,0.035266093368606616,0.015241475431798688,NA,10,16,16
ENSG00000237579.2,LINC01514,0.19969031172432225,NA,0.8417227912940374,0.019030025693694594,0.1127566854905252,5.3741460544656025e-06,NA,7,8,8
ENSG00000052749.13,RRP12,-0.19691225870975304,NA,0.8438962004327621,0.028786803950102805,0.27166423542711976,8.01299863951609e-14,NA,53,66,66
ENSG00000107736.19,CDH23,0.1942316169699665,NA,0.8459945274923736,0.002346959211495773,0.05172587255688734,0.002486868924204431,NA,5,8,8
ENSG00000204172.12,AGAP9,0.18990408162811115,NA,0.849384293996904,0.02149532687412207,0.3504724611167962,7.873732304138607e-19,NA,7,15,15
ENSG00000178217.13,SH2D4B,-0.18980599893569491,NA,0.8494611548820833,0.013951230827627798,0.058448785252367436,0.001274682540528675,NA,12,17,17
ENSG00000120616.15,EPC1,0.1784181683432758,NA,0.8583945819435062,0.015646762537783476,0.04671339127600607,0.0044261654681917745,NA,62,80,80
ENSG00000107771.15,CCSER2,0.17416970896835293,NA,0.8617320904065489,0.010339633513005838,0.19429639435360965,6.305520337285914e-10,NA,49,54,54
ENSG00000228570.7,NUTM2E,-0.1690238585963605,NA,0.8657778749487982,0.14837284074436027,0.3327795525251499,1.1522500511667987e-17,NA,18,20,20
ENSG00000107521.18,HPS1,-0.16571402613495534,NA,0.8683820074179639,0.008779601383962441,0.05119188650045959,0.0023197121756858077,NA,32,40,40
ENSG00000256574.6,OR13A1,-0.16443921021626356,NA,0.8693853983815587,0.020537672993689835,0.3734020929990997,1.0665047681114583e-19,NA,10,54,54
ENSG00000185904.11,LINC00839,0.15627958617826407,NA,0.8758126464943014,0.021932439592340227,0.1886701238497969,2.4276502910078334e-09,NA,29,29,29
ENSG00000133661.15,SFTPD,-0.15215634068367093,NA,0.8790636280255516,0.07693123067780937,0.21468763654519235,9.022400062431956e-11,NA,23,28,28
ENSG00000123240.16,OPTN,0.15108980155595655,NA,0.8799048773251651,0.004064995897712694,0.07471004345774611,0.00022691160106451757,NA,8,9,9
ENSG00000188649.12,CC2D2B,0.14881496549943857,NA,0.8816996413748527,0.013673227536672251,0.038011217655933995,0.009106794655808423,NA,47,58,58
ENSG00000107443.15,CCNJ,-0.1428439738461237,NA,0.8864134070547308,0.0013262577506956222,0.10226390706422912,2.3839440966431305e-05,NA,4,9,9
ENSG00000152457.17,DCLRE1C,-0.1363807441891916,NA,0.8915202953526987,0.012099803362257949,0.17903885263042335,7.835411279061499e-09,NA,15,19,19
ENSG00000156113.22,KCNMA1,-0.13631075983026733,NA,0.8915756181647663,0.032177167754195345,0.2870282144868386,4.059038396094004e-15,NA,50,58,58
ENSG00000148824.18,MTG1,0.1286055744943489,NA,0.897669755134382,0.04597725171322778,0.1624112192095924,2.5636619433816938e-08,NA,28,43,43
ENSG00000165806.19,CASP7,0.126057203798148,NA,0.8996866435835327,0.08253189067307803,0.35079576054094685,4.779197137819684e-19,NA,34,44,44
ENSG00000107819.13,SFXN3,0.12385930736801228,NA,0.9014266727948895,0.052221485417508415,0.08557894807452138,0.00010186567579795345,NA,82,108,108
ENSG00000170430.9,MGMT,0.12205106942073699,NA,0.9028585730119923,0.06894683796641811,0.3634895786545428,3.770561726342247e-19,NA,17,21,21
ENSG00000179988.13,PSTK,-0.1185349363028989,NA,0.9056438150466003,0.00996950159214322,0.02534099562762289,0.03853127070511905,NA,28,31,31
ENSG00000156042.17,CFAP70,0.11522113581461198,NA,0.9082698462883559,0.016122255372373988,0.17863170748313653,5.553107837256533e-09,NA,17,21,21
ENSG00000216937.13,CCDC7,-0.1026666219947014,NA,0.9182275654093551,0.014108096174164734,0.13153478568181465,9.57669005784146e-07,NA,29,32,32
ENSG00000214279.13,SCART1,-0.10229495371031018,NA,0.9185225606531733,0.03169628852495301,0.08916938930300075,6.699248730337804e-05,NA,23,52,52
ENSG00000196932.11,TMEM26,0.0989199515739288,NA,0.9212018275338436,0.04312571606914766,0.15940382599383882,6.262736087143597e-08,NA,47,68,68
ENSG00000095585.16,BLNK,0.09825281864704265,NA,0.9217315421005395,0.006479703126317845,0.0459405969588848,0.0050944448336716144,NA,18,26,26
ENSG00000079393.20,DUSP13,-0.08867102658195396,NA,0.9293433592477006,0.0018880759284401454,0.060657140511041936,0.0012535437693501686,NA,19,30,30
ENSG00000187164.19,SHTN1,0.08333186138057765,NA,0.933587666672331,0.009447618240267543,0.15223598883428185,7.924804888043777e-08,NA,17,20,20
ENSG00000134463.14,ECHDC3,0.08178039148671536,NA,0.934821349162336,0.0017622051566953739,0.0331964658447086,0.016864508174081902,NA,6,9,9
ENSG00000228065.10,LINC01515,0.07841555727576661,NA,0.9374974987196757,0.024182028637128487,0.1902481662264332,1.85413217480237e-09,NA,31,31,31
ENSG00000171798.17,KNDC1,0.07810461674147666,NA,0.9377448347870637,0.016880345083217178,0.12988482596765202,1.0586496542725354e-06,NA,29,49,49
ENSG00000188234.13,AGAP4,0.06468602387469101,NA,0.9484239908479979,0.006488140755600743,0.6259307309061639,6.4944000678842455e-43,NA,16,33,33
ENSG00000099282.9,TSPAN15,-0.05322480999396401,NA,0.9575527881121162,0.009355445791770896,0.13157336836929662,8.690195173958359e-07,NA,30,37,37
ENSG00000119927.13,GPAM,-0.05202593117338305,NA,0.9585080313005774,0.030996790238767336,0.03437246118231788,0.014637610853325544,NA,35,47,47
ENSG00000165832.5,TRUB1,0.049286586713541296,NA,0.9606909087791684,0.003175738510675553,0.05816821238232519,0.0014770744237987533,NA,21,37,37
ENSG00000188690.12,UROS,0.04716157320481364,NA,0.9623844535640705,0.02472533059548308,0.14288120261061527,1.9574843336548786e-07,NA,58,65,65
ENSG00000152766.5,ANKRD22,-0.041699787520689854,NA,0.9667380233492504,0.04989130308024044,0.2956963829035947,1.874012262572284e-15,NA,17,17,17
ENSG00000166275.15,BORCS7,-0.03040695029463356,NA,0.975742501886618,0.008342693706943434,0.0983312514199254,2.193418477810607e-05,NA,10,10,10
ENSG00000156502.13,SUPV3L1,-0.026438472446646658,NA,0.9789076082906423,0.011287555112045017,0.12720965460034533,1.4125192886042925e-06,NA,29,38,38
ENSG00000122873.11,CISD1,0.022108378917419222,NA,0.9823615027011303,0.05905057275771693,0.3735332903096324,7.992816976740559e-21,NA,89,90,90
ENSG00000171314.8,PGAM1,-0.01642574376769032,NA,0.986894741961524,0.009622577431218509,0.1715251270808709,8.569006284496815e-09,NA,19,25,25
ENSG00000065613.13,SLK,-0.015483273327653764,NA,0.9876466288456999,0.003236137634125136,0.04736834990836287,0.003378213688970654,NA,24,30,30
ENSG00000181274.6,FRAT2,-0.011140535861579615,NA,0.9911113223019339,0.004868132228102708,0.0750658809194245,0.0001769620160429605,NA,49,60,60
ENSG00000151657.11,KIN,-0.009978217605728487,NA,0.9920386663397447,0.0025429880528815025,0.06520078254488293,0.0007914245910496406,NA,7,8,8
ENSG00000138326.18,RPS24,-0.0011110043218650056,NA,0.9991135469869613,0.00012732632710973742,0.03470569455683453,0.015097377386894796,NA,3,4,4
